Entity,Code,Year,"PM2.5 air pollution, population exposed to levels exceeding WHO guideline value (% of total)"
Afghanistan,AFG,1990,100
Afghanistan,AFG,1995,100
Afghanistan,AFG,2000,100
Afghanistan,AFG,2005,100
Afghanistan,AFG,2010,100
Afghanistan,AFG,2011,100
Afghanistan,AFG,2012,100
Afghanistan,AFG,2013,100
Afghanistan,AFG,2014,100
Afghanistan,AFG,2015,100
Afghanistan,AFG,2016,100
Afghanistan,AFG,2017,100
Albania,ALB,1990,100
Albania,ALB,1995,100
Albania,ALB,2000,100
Albania,ALB,2005,100
Albania,ALB,2010,100
Albania,ALB,2011,100
Albania,ALB,2012,100
Albania,ALB,2013,100
Albania,ALB,2014,100
Albania,ALB,2015,100
Albania,ALB,2016,100
Albania,ALB,2017,100
Algeria,DZA,1990,100
Algeria,DZA,1995,100
Algeria,DZA,2000,100
Algeria,DZA,2005,100
Algeria,DZA,2010,100
Algeria,DZA,2011,100
Algeria,DZA,2012,100
Algeria,DZA,2013,100
Algeria,DZA,2014,100
Algeria,DZA,2015,100
Algeria,DZA,2016,100
Algeria,DZA,2017,100
American Samoa,ASM,1990,100
American Samoa,ASM,1995,100
American Samoa,ASM,2000,100
American Samoa,ASM,2005,100
American Samoa,ASM,2010,100
American Samoa,ASM,2011,100
American Samoa,ASM,2012,100
American Samoa,ASM,2013,100
American Samoa,ASM,2014,100
American Samoa,ASM,2015,100
American Samoa,ASM,2016,100
American Samoa,ASM,2017,100
Andorra,AND,1990,100
Andorra,AND,1995,99.98421478271484
Andorra,AND,2000,99.95743560791016
Andorra,AND,2005,100
Andorra,AND,2010,99.95663452148438
Andorra,AND,2011,100
Andorra,AND,2012,99.95599365234375
Andorra,AND,2013,97.68595886230469
Andorra,AND,2014,16.598979949951172
Andorra,AND,2015,90.84806060791016
Andorra,AND,2016,17.419557571411133
Andorra,AND,2017,17.824459075927734
Angola,AGO,1990,100
Angola,AGO,1995,100
Angola,AGO,2000,100
Angola,AGO,2005,100
Angola,AGO,2010,100
Angola,AGO,2011,100
Angola,AGO,2012,100
Angola,AGO,2013,100
Angola,AGO,2014,100
Angola,AGO,2015,100
Angola,AGO,2016,100
Angola,AGO,2017,100
Antigua and Barbuda,ATG,1990,100
Antigua and Barbuda,ATG,1995,100
Antigua and Barbuda,ATG,2000,100
Antigua and Barbuda,ATG,2005,100
Antigua and Barbuda,ATG,2010,100
Antigua and Barbuda,ATG,2011,100
Antigua and Barbuda,ATG,2012,100
Antigua and Barbuda,ATG,2013,100
Antigua and Barbuda,ATG,2014,100
Antigua and Barbuda,ATG,2015,100
Antigua and Barbuda,ATG,2016,100
Antigua and Barbuda,ATG,2017,100
Argentina,ARG,1990,99.60669708251953
Argentina,ARG,1995,99.58096313476562
Argentina,ARG,2000,99.54997253417969
Argentina,ARG,2005,99.41150665283203
Argentina,ARG,2010,99.44763946533203
Argentina,ARG,2011,99.53041076660156
Argentina,ARG,2012,99.21768951416016
Argentina,ARG,2013,99.0264663696289
Argentina,ARG,2014,98.3140640258789
Argentina,ARG,2015,98.02192687988281
Argentina,ARG,2016,94.13945770263672
Argentina,ARG,2017,93.85282135009766
Armenia,ARM,1990,100
Armenia,ARM,1995,100
Armenia,ARM,2000,100
Armenia,ARM,2005,100
Armenia,ARM,2010,100
Armenia,ARM,2011,100
Armenia,ARM,2012,100
Armenia,ARM,2013,100
Armenia,ARM,2014,100
Armenia,ARM,2015,100
Armenia,ARM,2016,100
Armenia,ARM,2017,100
Australia,AUS,1990,31.883403778076172
Australia,AUS,1995,31.610158920288086
Australia,AUS,2000,33.832069396972656
Australia,AUS,2005,33.4924201965332
Australia,AUS,2010,32.97097396850586
Australia,AUS,2011,36.323421478271484
Australia,AUS,2012,30.654542922973633
Australia,AUS,2013,28.274059295654297
Australia,AUS,2014,27.105514526367188
Australia,AUS,2015,26.046667098999023
Australia,AUS,2016,24.90420913696289
Australia,AUS,2017,24.893583297729492
Austria,AUT,1990,99.65557098388672
Austria,AUT,1995,99.23246002197266
Austria,AUT,2000,98.67842864990234
Austria,AUT,2005,99.14830017089844
Austria,AUT,2010,98.4515380859375
Austria,AUT,2011,99.25717163085938
Austria,AUT,2012,97.41014099121094
Austria,AUT,2013,95.76835632324219
Austria,AUT,2014,93.78567504882812
Austria,AUT,2015,91.4744644165039
Austria,AUT,2016,85.01593780517578
Austria,AUT,2017,85.0515365600586
Azerbaijan,AZE,1990,100
Azerbaijan,AZE,1995,100
Azerbaijan,AZE,2000,100
Azerbaijan,AZE,2005,100
Azerbaijan,AZE,2010,100
Azerbaijan,AZE,2011,100
Azerbaijan,AZE,2012,100
Azerbaijan,AZE,2013,100
Azerbaijan,AZE,2014,100
Azerbaijan,AZE,2015,100
Azerbaijan,AZE,2016,100
Azerbaijan,AZE,2017,100
Bahamas,BHS,1990,100
Bahamas,BHS,1995,100
Bahamas,BHS,2000,100
Bahamas,BHS,2005,100
Bahamas,BHS,2010,100
Bahamas,BHS,2011,100
Bahamas,BHS,2012,100
Bahamas,BHS,2013,100
Bahamas,BHS,2014,100
Bahamas,BHS,2015,100
Bahamas,BHS,2016,100
Bahamas,BHS,2017,100
Bahrain,BHR,1990,100
Bahrain,BHR,1995,100
Bahrain,BHR,2000,100
Bahrain,BHR,2005,100
Bahrain,BHR,2010,100
Bahrain,BHR,2011,100
Bahrain,BHR,2012,100
Bahrain,BHR,2013,100
Bahrain,BHR,2014,100
Bahrain,BHR,2015,100
Bahrain,BHR,2016,100
Bahrain,BHR,2017,100
Bangladesh,BGD,1990,100
Bangladesh,BGD,1995,100
Bangladesh,BGD,2000,100
Bangladesh,BGD,2005,100
Bangladesh,BGD,2010,100
Bangladesh,BGD,2011,100
Bangladesh,BGD,2012,100
Bangladesh,BGD,2013,100
Bangladesh,BGD,2014,100
Bangladesh,BGD,2015,100
Bangladesh,BGD,2016,100
Bangladesh,BGD,2017,100
Barbados,BRB,1990,100
Barbados,BRB,1995,100
Barbados,BRB,2000,100
Barbados,BRB,2005,100
Barbados,BRB,2010,100
Barbados,BRB,2011,100
Barbados,BRB,2012,100
Barbados,BRB,2013,100
Barbados,BRB,2014,100
Barbados,BRB,2015,100
Barbados,BRB,2016,100
Barbados,BRB,2017,100
Belarus,BLR,1990,100
Belarus,BLR,1995,100
Belarus,BLR,2000,100
Belarus,BLR,2005,100
Belarus,BLR,2010,100
Belarus,BLR,2011,100
Belarus,BLR,2012,100
Belarus,BLR,2013,100
Belarus,BLR,2014,100
Belarus,BLR,2015,100
Belarus,BLR,2016,100
Belarus,BLR,2017,99.93135070800781
Belgium,BEL,1990,99.86909484863281
Belgium,BEL,1995,99.63689422607422
Belgium,BEL,2000,99.2754135131836
Belgium,BEL,2005,98.99787902832031
Belgium,BEL,2010,99.49559020996094
Belgium,BEL,2011,99.35474395751953
Belgium,BEL,2012,98.42810821533203
Belgium,BEL,2013,96.80229187011719
Belgium,BEL,2014,94.48915100097656
Belgium,BEL,2015,95.1043472290039
Belgium,BEL,2016,91.78911590576172
Belgium,BEL,2017,91.94853973388672
Belize,BLZ,1990,100
Belize,BLZ,1995,100
Belize,BLZ,2000,100
Belize,BLZ,2005,100
Belize,BLZ,2010,100
Belize,BLZ,2011,100
Belize,BLZ,2012,100
Belize,BLZ,2013,100
Belize,BLZ,2014,100
Belize,BLZ,2015,100
Belize,BLZ,2016,100
Belize,BLZ,2017,100
Benin,BEN,1990,100
Benin,BEN,1995,100
Benin,BEN,2000,100
Benin,BEN,2005,100
Benin,BEN,2010,100
Benin,BEN,2011,100
Benin,BEN,2012,100
Benin,BEN,2013,100
Benin,BEN,2014,100
Benin,BEN,2015,100
Benin,BEN,2016,100
Benin,BEN,2017,100
Bermuda,BMU,1990,100
Bermuda,BMU,1995,100
Bermuda,BMU,2000,100
Bermuda,BMU,2005,100
Bermuda,BMU,2010,100
Bermuda,BMU,2011,100
Bermuda,BMU,2012,100
Bermuda,BMU,2013,100
Bermuda,BMU,2014,100
Bermuda,BMU,2015,100
Bermuda,BMU,2016,100
Bermuda,BMU,2017,100
Bhutan,BTN,1990,100
Bhutan,BTN,1995,100
Bhutan,BTN,2000,100
Bhutan,BTN,2005,100
Bhutan,BTN,2010,100
Bhutan,BTN,2011,100
Bhutan,BTN,2012,100
Bhutan,BTN,2013,100
Bhutan,BTN,2014,100
Bhutan,BTN,2015,100
Bhutan,BTN,2016,100
Bhutan,BTN,2017,100
Bolivia,BOL,1990,100
Bolivia,BOL,1995,100
Bolivia,BOL,2000,100
Bolivia,BOL,2005,100
Bolivia,BOL,2010,100
Bolivia,BOL,2011,100
Bolivia,BOL,2012,100
Bolivia,BOL,2013,100
Bolivia,BOL,2014,100
Bolivia,BOL,2015,99.9997329711914
Bolivia,BOL,2016,99.99748229980469
Bolivia,BOL,2017,99.99913024902344
Bosnia and Herzegovina,BIH,1990,100
Bosnia and Herzegovina,BIH,1995,100
Bosnia and Herzegovina,BIH,2000,100
Bosnia and Herzegovina,BIH,2005,100
Bosnia and Herzegovina,BIH,2010,100
Bosnia and Herzegovina,BIH,2011,100
Bosnia and Herzegovina,BIH,2012,100
Bosnia and Herzegovina,BIH,2013,100
Bosnia and Herzegovina,BIH,2014,100
Bosnia and Herzegovina,BIH,2015,100
Bosnia and Herzegovina,BIH,2016,99.9554443359375
Bosnia and Herzegovina,BIH,2017,99.95523834228516
Botswana,BWA,1990,100
Botswana,BWA,1995,100
Botswana,BWA,2000,100
Botswana,BWA,2005,100
Botswana,BWA,2010,100
Botswana,BWA,2011,100
Botswana,BWA,2012,100
Botswana,BWA,2013,100
Botswana,BWA,2014,100
Botswana,BWA,2015,100
Botswana,BWA,2016,100
Botswana,BWA,2017,100
Brazil,BRA,1990,88.99533081054688
Brazil,BRA,1995,89.49137878417969
Brazil,BRA,2000,90.7914047241211
Brazil,BRA,2005,89.7840805053711
Brazil,BRA,2010,90.93812561035156
Brazil,BRA,2011,91.92837524414062
Brazil,BRA,2012,86.82923126220703
Brazil,BRA,2013,85.334716796875
Brazil,BRA,2014,77.11647033691406
Brazil,BRA,2015,74.92774963378906
Brazil,BRA,2016,67.95256042480469
Brazil,BRA,2017,68.1350326538086
Brunei,BRN,1990,0
Brunei,BRN,1995,0
Brunei,BRN,2000,0
Brunei,BRN,2005,1.7621386051177979
Brunei,BRN,2010,1.7672444581985474
Brunei,BRN,2011,1.7679201364517212
Brunei,BRN,2012,1.7685177326202393
Brunei,BRN,2013,0
Brunei,BRN,2014,0
Brunei,BRN,2015,0
Brunei,BRN,2016,0
Brunei,BRN,2017,0
Bulgaria,BGR,1990,99.95465850830078
Bulgaria,BGR,1995,99.95382690429688
Bulgaria,BGR,2000,99.9619369506836
Bulgaria,BGR,2005,99.9631118774414
Bulgaria,BGR,2010,99.96438598632812
Bulgaria,BGR,2011,99.96465301513672
Bulgaria,BGR,2012,99.96493530273438
Bulgaria,BGR,2013,99.96527862548828
Bulgaria,BGR,2014,99.96570587158203
Bulgaria,BGR,2015,99.96623229980469
Bulgaria,BGR,2016,99.89349365234375
Bulgaria,BGR,2017,99.8946762084961
Burkina Faso,BFA,1990,100
Burkina Faso,BFA,1995,100
Burkina Faso,BFA,2000,100
Burkina Faso,BFA,2005,100
Burkina Faso,BFA,2010,100
Burkina Faso,BFA,2011,100
Burkina Faso,BFA,2012,100
Burkina Faso,BFA,2013,100
Burkina Faso,BFA,2014,100
Burkina Faso,BFA,2015,100
Burkina Faso,BFA,2016,100
Burkina Faso,BFA,2017,100
Burundi,BDI,1990,100
Burundi,BDI,1995,100
Burundi,BDI,2000,100
Burundi,BDI,2005,100
Burundi,BDI,2010,100
Burundi,BDI,2011,100
Burundi,BDI,2012,100
Burundi,BDI,2013,100
Burundi,BDI,2014,100
Burundi,BDI,2015,100
Burundi,BDI,2016,100
Burundi,BDI,2017,100
Cambodia,KHM,1990,100
Cambodia,KHM,1995,100
Cambodia,KHM,2000,100
Cambodia,KHM,2005,100
Cambodia,KHM,2010,100
Cambodia,KHM,2011,100
Cambodia,KHM,2012,100
Cambodia,KHM,2013,100
Cambodia,KHM,2014,100
Cambodia,KHM,2015,100
Cambodia,KHM,2016,100
Cambodia,KHM,2017,100
Cameroon,CMR,1990,100
Cameroon,CMR,1995,100
Cameroon,CMR,2000,100
Cameroon,CMR,2005,100
Cameroon,CMR,2010,100
Cameroon,CMR,2011,100
Cameroon,CMR,2012,100
Cameroon,CMR,2013,100
Cameroon,CMR,2014,100
Cameroon,CMR,2015,100
Cameroon,CMR,2016,100
Cameroon,CMR,2017,100
Canada,CAN,1990,16.212915420532227
Canada,CAN,1995,12.9122314453125
Canada,CAN,2000,11.021317481994629
Canada,CAN,2005,19.60268211364746
Canada,CAN,2010,13.667217254638672
Canada,CAN,2011,18.7208194732666
Canada,CAN,2012,8.338184356689453
Canada,CAN,2013,6.630326747894287
Canada,CAN,2014,2.0233914852142334
Canada,CAN,2015,0.7255540490150452
Canada,CAN,2016,0
Canada,CAN,2017,0
Cape Verde,CPV,1990,100
Cape Verde,CPV,1995,100
Cape Verde,CPV,2000,100
Cape Verde,CPV,2005,100
Cape Verde,CPV,2010,100
Cape Verde,CPV,2011,100
Cape Verde,CPV,2012,100
Cape Verde,CPV,2013,100
Cape Verde,CPV,2014,100
Cape Verde,CPV,2015,100
Cape Verde,CPV,2016,100
Cape Verde,CPV,2017,100
Central African Republic,CAF,1990,100
Central African Republic,CAF,1995,100
Central African Republic,CAF,2000,100
Central African Republic,CAF,2005,100
Central African Republic,CAF,2010,100
Central African Republic,CAF,2011,100
Central African Republic,CAF,2012,100
Central African Republic,CAF,2013,100
Central African Republic,CAF,2014,100
Central African Republic,CAF,2015,100
Central African Republic,CAF,2016,100
Central African Republic,CAF,2017,100
Chad,TCD,1990,100
Chad,TCD,1995,100
Chad,TCD,2000,100
Chad,TCD,2005,100
Chad,TCD,2010,100
Chad,TCD,2011,100
Chad,TCD,2012,100
Chad,TCD,2013,100
Chad,TCD,2014,100
Chad,TCD,2015,100
Chad,TCD,2016,100
Chad,TCD,2017,100
Chile,CHL,1990,99.35020446777344
Chile,CHL,1995,99.3737564086914
Chile,CHL,2000,99.2449722290039
Chile,CHL,2005,99.27259826660156
Chile,CHL,2010,99.2864990234375
Chile,CHL,2011,99.31976318359375
Chile,CHL,2012,99.29948425292969
Chile,CHL,2013,99.302001953125
Chile,CHL,2014,99.15045166015625
Chile,CHL,2015,98.57630157470703
Chile,CHL,2016,97.59442138671875
Chile,CHL,2017,97.66301727294922
China,CHN,1990,100
China,CHN,1995,100
China,CHN,2000,99.99999237060547
China,CHN,2005,100
China,CHN,2010,100
China,CHN,2011,100
China,CHN,2012,99.99999237060547
China,CHN,2013,99.99999237060547
China,CHN,2014,99.99996185302734
China,CHN,2015,99.99995422363281
China,CHN,2016,99.99829864501953
China,CHN,2017,99.998291015625
Colombia,COL,1990,99.69689178466797
Colombia,COL,1995,99.75640869140625
Colombia,COL,2000,99.71683502197266
Colombia,COL,2005,99.87708282470703
Colombia,COL,2010,99.87603759765625
Colombia,COL,2011,99.83819580078125
Colombia,COL,2012,99.8561782836914
Colombia,COL,2013,99.35285949707031
Colombia,COL,2014,97.48104095458984
Colombia,COL,2015,96.33815002441406
Colombia,COL,2016,92.74339294433594
Colombia,COL,2017,92.10462951660156
Comoros,COM,1990,100
Comoros,COM,1995,100
Comoros,COM,2000,100
Comoros,COM,2005,100
Comoros,COM,2010,100
Comoros,COM,2011,100
Comoros,COM,2012,100
Comoros,COM,2013,100
Comoros,COM,2014,100
Comoros,COM,2015,100
Comoros,COM,2016,100
Comoros,COM,2017,100
Congo,COG,1990,100
Congo,COG,1995,100
Congo,COG,2000,100
Congo,COG,2005,100
Congo,COG,2010,100
Congo,COG,2011,100
Congo,COG,2012,100
Congo,COG,2013,100
Congo,COG,2014,100
Congo,COG,2015,100
Congo,COG,2016,100
Congo,COG,2017,100
Costa Rica,CRI,1990,100
Costa Rica,CRI,1995,100
Costa Rica,CRI,2000,100
Costa Rica,CRI,2005,100
Costa Rica,CRI,2010,100
Costa Rica,CRI,2011,100
Costa Rica,CRI,2012,100
Costa Rica,CRI,2013,100
Costa Rica,CRI,2014,100
Costa Rica,CRI,2015,99.97998809814453
Costa Rica,CRI,2016,99.7170639038086
Costa Rica,CRI,2017,99.68879699707031
Cote d'Ivoire,CIV,1990,100
Cote d'Ivoire,CIV,1995,100
Cote d'Ivoire,CIV,2000,100
Cote d'Ivoire,CIV,2005,100
Cote d'Ivoire,CIV,2010,100
Cote d'Ivoire,CIV,2011,100
Cote d'Ivoire,CIV,2012,100
Cote d'Ivoire,CIV,2013,100
Cote d'Ivoire,CIV,2014,100
Cote d'Ivoire,CIV,2015,100
Cote d'Ivoire,CIV,2016,100
Cote d'Ivoire,CIV,2017,100
Croatia,HRV,1990,100
Croatia,HRV,1995,100
Croatia,HRV,2000,100
Croatia,HRV,2005,100
Croatia,HRV,2010,100
Croatia,HRV,2011,100
Croatia,HRV,2012,100
Croatia,HRV,2013,100
Croatia,HRV,2014,100
Croatia,HRV,2015,100
Croatia,HRV,2016,99.78070068359375
Croatia,HRV,2017,99.77960205078125
Cuba,CUB,1990,100
Cuba,CUB,1995,100
Cuba,CUB,2000,100
Cuba,CUB,2005,100
Cuba,CUB,2010,100
Cuba,CUB,2011,100
Cuba,CUB,2012,100
Cuba,CUB,2013,100
Cuba,CUB,2014,100
Cuba,CUB,2015,100
Cuba,CUB,2016,100
Cuba,CUB,2017,100
Cyprus,CYP,1990,100
Cyprus,CYP,1995,100
Cyprus,CYP,2000,100
Cyprus,CYP,2005,100
Cyprus,CYP,2010,100
Cyprus,CYP,2011,100
Cyprus,CYP,2012,100
Cyprus,CYP,2013,100
Cyprus,CYP,2014,100
Cyprus,CYP,2015,100
Cyprus,CYP,2016,100
Cyprus,CYP,2017,100
Czechia,CZE,1990,99.98168182373047
Czechia,CZE,1995,99.98157501220703
Czechia,CZE,2000,99.96735382080078
Czechia,CZE,2005,99.96775817871094
Czechia,CZE,2010,99.9684066772461
Czechia,CZE,2011,99.96852111816406
Czechia,CZE,2012,99.94347381591797
Czechia,CZE,2013,99.92720031738281
Czechia,CZE,2014,99.91786193847656
Czechia,CZE,2015,99.82828521728516
Czechia,CZE,2016,99.67485809326172
Czechia,CZE,2017,99.67721557617188
Democratic Republic of Congo,COD,1990,100
Democratic Republic of Congo,COD,1995,100
Democratic Republic of Congo,COD,2000,100
Democratic Republic of Congo,COD,2005,100
Democratic Republic of Congo,COD,2010,100
Democratic Republic of Congo,COD,2011,100
Democratic Republic of Congo,COD,2012,100
Democratic Republic of Congo,COD,2013,100
Democratic Republic of Congo,COD,2014,100
Democratic Republic of Congo,COD,2015,100
Democratic Republic of Congo,COD,2016,100
Democratic Republic of Congo,COD,2017,100
Denmark,DNK,1990,99.96173858642578
Denmark,DNK,1995,99.54927825927734
Denmark,DNK,2000,97.96609497070312
Denmark,DNK,2005,97.13967895507812
Denmark,DNK,2010,96.09901428222656
Denmark,DNK,2011,98.95867919921875
Denmark,DNK,2012,85.47423553466797
Denmark,DNK,2013,78.75028991699219
Denmark,DNK,2014,82.83430480957031
Denmark,DNK,2015,75.18743896484375
Denmark,DNK,2016,57.09176254272461
Denmark,DNK,2017,56.91445541381836
Djibouti,DJI,1990,100
Djibouti,DJI,1995,100
Djibouti,DJI,2000,100
Djibouti,DJI,2005,100
Djibouti,DJI,2010,100
Djibouti,DJI,2011,100
Djibouti,DJI,2012,100
Djibouti,DJI,2013,100
Djibouti,DJI,2014,100
Djibouti,DJI,2015,100
Djibouti,DJI,2016,100
Djibouti,DJI,2017,100
Dominica,DMA,1990,100
Dominica,DMA,1995,100
Dominica,DMA,2000,100
Dominica,DMA,2005,100
Dominica,DMA,2010,100
Dominica,DMA,2011,100
Dominica,DMA,2012,100
Dominica,DMA,2013,100
Dominica,DMA,2014,100
Dominica,DMA,2015,100
Dominica,DMA,2016,100
Dominica,DMA,2017,100
Dominican Republic,DOM,1990,100
Dominican Republic,DOM,1995,100
Dominican Republic,DOM,2000,100
Dominican Republic,DOM,2005,100
Dominican Republic,DOM,2010,100
Dominican Republic,DOM,2011,100
Dominican Republic,DOM,2012,100
Dominican Republic,DOM,2013,100
Dominican Republic,DOM,2014,99.97856903076172
Dominican Republic,DOM,2015,99.97859954833984
Dominican Republic,DOM,2016,99.91388702392578
Dominican Republic,DOM,2017,99.91344451904297
East Asia and Pacific,,1990,98.38198852539062
East Asia and Pacific,,1995,98.39351654052734
East Asia and Pacific,,2000,98.32598114013672
East Asia and Pacific,,2005,98.55880737304688
East Asia and Pacific,,2010,98.26664733886719
East Asia and Pacific,,2011,98.48284149169922
East Asia and Pacific,,2012,98.38545989990234
East Asia and Pacific,,2013,97.72834777832031
East Asia and Pacific,,2014,97.56988525390625
East Asia and Pacific,,2015,97.82579040527344
East Asia and Pacific,,2016,96.85641479492188
East Asia and Pacific,,2017,96.88993835449219
Ecuador,ECU,1990,99.98107147216797
Ecuador,ECU,1995,99.98928833007812
Ecuador,ECU,2000,99.98580932617188
Ecuador,ECU,2005,99.99901580810547
Ecuador,ECU,2010,99.99971771240234
Ecuador,ECU,2011,99.9970932006836
Ecuador,ECU,2012,99.99878692626953
Ecuador,ECU,2013,99.97454071044922
Ecuador,ECU,2014,99.63520050048828
Ecuador,ECU,2015,99.38916778564453
Ecuador,ECU,2016,98.65235137939453
Ecuador,ECU,2017,98.31562042236328
Egypt,EGY,1990,100
Egypt,EGY,1995,100
Egypt,EGY,2000,100
Egypt,EGY,2005,100
Egypt,EGY,2010,100
Egypt,EGY,2011,100
Egypt,EGY,2012,100
Egypt,EGY,2013,100
Egypt,EGY,2014,100
Egypt,EGY,2015,100
Egypt,EGY,2016,100
Egypt,EGY,2017,100
El Salvador,SLV,1990,100
El Salvador,SLV,1995,100
El Salvador,SLV,2000,100
El Salvador,SLV,2005,100
El Salvador,SLV,2010,100
El Salvador,SLV,2011,100
El Salvador,SLV,2012,100
El Salvador,SLV,2013,100
El Salvador,SLV,2014,100
El Salvador,SLV,2015,100
El Salvador,SLV,2016,100
El Salvador,SLV,2017,100
Equatorial Guinea,GNQ,1990,100
Equatorial Guinea,GNQ,1995,100
Equatorial Guinea,GNQ,2000,100
Equatorial Guinea,GNQ,2005,100
Equatorial Guinea,GNQ,2010,100
Equatorial Guinea,GNQ,2011,100
Equatorial Guinea,GNQ,2012,100
Equatorial Guinea,GNQ,2013,100
Equatorial Guinea,GNQ,2014,100
Equatorial Guinea,GNQ,2015,100
Equatorial Guinea,GNQ,2016,100
Equatorial Guinea,GNQ,2017,100
Eritrea,ERI,1990,100
Eritrea,ERI,1995,100
Eritrea,ERI,2000,100
Eritrea,ERI,2005,100
Eritrea,ERI,2010,100
Eritrea,ERI,2011,100
Eritrea,ERI,2012,100
Eritrea,ERI,2013,100
Eritrea,ERI,2014,100
Eritrea,ERI,2015,100
Eritrea,ERI,2016,100
Eritrea,ERI,2017,100
Estonia,EST,1990,26.156211853027344
Estonia,EST,1995,6.887299537658691
Estonia,EST,2000,5.0258073806762695
Estonia,EST,2005,5.821428298950195
Estonia,EST,2010,6.476011753082275
Estonia,EST,2011,6.169849395751953
Estonia,EST,2012,1.1787083148956299
Estonia,EST,2013,0.26389598846435547
Estonia,EST,2014,0.25894400477409363
Estonia,EST,2015,0
Estonia,EST,2016,0
Estonia,EST,2017,0
Eswatini,SWZ,1990,100
Eswatini,SWZ,1995,100
Eswatini,SWZ,2000,100
Eswatini,SWZ,2005,100
Eswatini,SWZ,2010,100
Eswatini,SWZ,2011,100
Eswatini,SWZ,2012,100
Eswatini,SWZ,2013,100
Eswatini,SWZ,2014,100
Eswatini,SWZ,2015,100
Eswatini,SWZ,2016,100
Eswatini,SWZ,2017,100
Ethiopia,ETH,1990,100
Ethiopia,ETH,1995,100
Ethiopia,ETH,2000,100
Ethiopia,ETH,2005,100
Ethiopia,ETH,2010,100
Ethiopia,ETH,2011,100
Ethiopia,ETH,2012,100
Ethiopia,ETH,2013,100
Ethiopia,ETH,2014,100
Ethiopia,ETH,2015,100
Ethiopia,ETH,2016,100
Ethiopia,ETH,2017,100
Europe and Central Asia,,1990,94.81195831298828
Europe and Central Asia,,1995,94.22175598144531
Europe and Central Asia,,2000,93.97627258300781
Europe and Central Asia,,2005,93.85002899169922
Europe and Central Asia,,2010,93.59659576416016
Europe and Central Asia,,2011,94.3532943725586
Europe and Central Asia,,2012,92.26964569091797
Europe and Central Asia,,2013,91.07389068603516
Europe and Central Asia,,2014,88.30281066894531
Europe and Central Asia,,2015,88.60801696777344
Europe and Central Asia,,2016,85.06806945800781
Europe and Central Asia,,2017,85.05510711669922
European Union,,1990,92.93489837646484
European Union,,1995,92.43108367919922
European Union,,2000,92.04998779296875
European Union,,2005,91.91210174560547
European Union,,2010,91.39462280273438
European Union,,2011,92.3770751953125
European Union,,2012,89.56028747558594
European Union,,2013,88.19764709472656
European Union,,2014,84.4590072631836
European Union,,2015,85.60740661621094
European Union,,2016,79.81177520751953
European Union,,2017,79.86331939697266
Fiji,FJI,1990,100
Fiji,FJI,1995,100
Fiji,FJI,2000,100
Fiji,FJI,2005,100
Fiji,FJI,2010,100
Fiji,FJI,2011,100
Fiji,FJI,2012,100
Fiji,FJI,2013,100
Fiji,FJI,2014,99.9942626953125
Fiji,FJI,2015,99.97864532470703
Fiji,FJI,2016,93.69405364990234
Fiji,FJI,2017,82.80318450927734
Finland,FIN,1990,1.6273738145828247
Finland,FIN,1995,0.6737583875656128
Finland,FIN,2000,0
Finland,FIN,2005,0.7246788144111633
Finland,FIN,2010,0.735149621963501
Finland,FIN,2011,0.7370424270629883
Finland,FIN,2012,0
Finland,FIN,2013,0
Finland,FIN,2014,0
Finland,FIN,2015,0
Finland,FIN,2016,0
Finland,FIN,2017,0
France,FRA,1990,99.77445220947266
France,FRA,1995,99.62535095214844
France,FRA,2000,99.3734130859375
France,FRA,2005,99.60444641113281
France,FRA,2010,99.47901153564453
France,FRA,2011,99.69818115234375
France,FRA,2012,98.61152648925781
France,FRA,2013,97.40910339355469
France,FRA,2014,87.84525299072266
France,FRA,2015,90.41211700439453
France,FRA,2016,78.27749633789062
France,FRA,2017,78.21356201171875
Gabon,GAB,1990,100
Gabon,GAB,1995,100
Gabon,GAB,2000,100
Gabon,GAB,2005,100
Gabon,GAB,2010,100
Gabon,GAB,2011,100
Gabon,GAB,2012,100
Gabon,GAB,2013,100
Gabon,GAB,2014,100
Gabon,GAB,2015,100
Gabon,GAB,2016,100
Gabon,GAB,2017,100
Gambia,GMB,1990,100
Gambia,GMB,1995,100
Gambia,GMB,2000,100
Gambia,GMB,2005,100
Gambia,GMB,2010,100
Gambia,GMB,2011,100
Gambia,GMB,2012,100
Gambia,GMB,2013,100
Gambia,GMB,2014,100
Gambia,GMB,2015,100
Gambia,GMB,2016,100
Gambia,GMB,2017,100
Georgia,GEO,1990,100
Georgia,GEO,1995,100
Georgia,GEO,2000,100
Georgia,GEO,2005,100
Georgia,GEO,2010,100
Georgia,GEO,2011,100
Georgia,GEO,2012,100
Georgia,GEO,2013,100
Georgia,GEO,2014,100
Georgia,GEO,2015,100
Georgia,GEO,2016,100
Georgia,GEO,2017,100
Germany,DEU,1990,99.75579071044922
Germany,DEU,1995,99.6466064453125
Germany,DEU,2000,99.40718841552734
Germany,DEU,2005,99.18486022949219
Germany,DEU,2010,99.59944152832031
Germany,DEU,2011,99.44802856445312
Germany,DEU,2012,98.2950668334961
Germany,DEU,2013,97.84632110595703
Germany,DEU,2014,95.72529602050781
Germany,DEU,2015,95.95259857177734
Germany,DEU,2016,89.1546630859375
Germany,DEU,2017,89.17435455322266
Ghana,GHA,1990,100
Ghana,GHA,1995,100
Ghana,GHA,2000,100
Ghana,GHA,2005,100
Ghana,GHA,2010,100
Ghana,GHA,2011,100
Ghana,GHA,2012,100
Ghana,GHA,2013,100
Ghana,GHA,2014,100
Ghana,GHA,2015,100
Ghana,GHA,2016,100
Ghana,GHA,2017,100
Greece,GRC,1990,100
Greece,GRC,1995,100
Greece,GRC,2000,100
Greece,GRC,2005,100
Greece,GRC,2010,100
Greece,GRC,2011,100
Greece,GRC,2012,100
Greece,GRC,2013,100
Greece,GRC,2014,100
Greece,GRC,2015,100
Greece,GRC,2016,100
Greece,GRC,2017,100
Greenland,GRL,1990,100
Greenland,GRL,1995,100
Greenland,GRL,2000,100
Greenland,GRL,2005,100
Greenland,GRL,2010,100
Greenland,GRL,2011,100
Greenland,GRL,2012,100
Greenland,GRL,2013,100
Greenland,GRL,2014,98.76045989990234
Greenland,GRL,2015,98.75354766845703
Greenland,GRL,2016,80.10090637207031
Greenland,GRL,2017,80.0160140991211
Grenada,GRD,1990,100
Grenada,GRD,1995,100
Grenada,GRD,2000,100
Grenada,GRD,2005,100
Grenada,GRD,2010,100
Grenada,GRD,2011,100
Grenada,GRD,2012,100
Grenada,GRD,2013,100
Grenada,GRD,2014,100
Grenada,GRD,2015,100
Grenada,GRD,2016,100
Grenada,GRD,2017,100
Guam,GUM,1990,100
Guam,GUM,1995,100
Guam,GUM,2000,100
Guam,GUM,2005,100
Guam,GUM,2010,100
Guam,GUM,2011,100
Guam,GUM,2012,100
Guam,GUM,2013,100
Guam,GUM,2014,91.66666412353516
Guam,GUM,2015,100
Guam,GUM,2016,83.33333587646484
Guam,GUM,2017,83.33333587646484
Guatemala,GTM,1990,100
Guatemala,GTM,1995,100
Guatemala,GTM,2000,100
Guatemala,GTM,2005,100
Guatemala,GTM,2010,100
Guatemala,GTM,2011,100
Guatemala,GTM,2012,100
Guatemala,GTM,2013,100
Guatemala,GTM,2014,100
Guatemala,GTM,2015,100
Guatemala,GTM,2016,100
Guatemala,GTM,2017,100
Guinea,GIN,1990,100
Guinea,GIN,1995,100
Guinea,GIN,2000,100
Guinea,GIN,2005,100
Guinea,GIN,2010,100
Guinea,GIN,2011,100
Guinea,GIN,2012,100
Guinea,GIN,2013,100
Guinea,GIN,2014,100
Guinea,GIN,2015,100
Guinea,GIN,2016,100
Guinea,GIN,2017,100
Guinea-Bissau,GNB,1990,100
Guinea-Bissau,GNB,1995,100
Guinea-Bissau,GNB,2000,100
Guinea-Bissau,GNB,2005,100
Guinea-Bissau,GNB,2010,100
Guinea-Bissau,GNB,2011,100
Guinea-Bissau,GNB,2012,100
Guinea-Bissau,GNB,2013,100
Guinea-Bissau,GNB,2014,100
Guinea-Bissau,GNB,2015,100
Guinea-Bissau,GNB,2016,100
Guinea-Bissau,GNB,2017,100
Guyana,GUY,1990,100
Guyana,GUY,1995,100
Guyana,GUY,2000,100
Guyana,GUY,2005,100
Guyana,GUY,2010,100
Guyana,GUY,2011,100
Guyana,GUY,2012,100
Guyana,GUY,2013,100
Guyana,GUY,2014,100
Guyana,GUY,2015,99.99980926513672
Guyana,GUY,2016,99.98953247070312
Guyana,GUY,2017,99.98817443847656
Haiti,HTI,1990,100
Haiti,HTI,1995,100
Haiti,HTI,2000,100
Haiti,HTI,2005,100
Haiti,HTI,2010,100
Haiti,HTI,2011,100
Haiti,HTI,2012,100
Haiti,HTI,2013,100
Haiti,HTI,2014,100
Haiti,HTI,2015,100
Haiti,HTI,2016,100
Haiti,HTI,2017,100
High income,,1990,77.94657897949219
High income,,1995,76.3414077758789
High income,,2000,75.44434356689453
High income,,2005,75.71824645996094
High income,,2010,73.62724304199219
High income,,2011,76.77190399169922
High income,,2012,69.3329849243164
High income,,2013,66.40099334716797
High income,,2014,61.33796691894531
High income,,2015,60.80598068237305
High income,,2016,55.23885726928711
High income,,2017,55.337127685546875
Honduras,HND,1990,100
Honduras,HND,1995,100
Honduras,HND,2000,100
Honduras,HND,2005,100
Honduras,HND,2010,100
Honduras,HND,2011,100
Honduras,HND,2012,100
Honduras,HND,2013,100
Honduras,HND,2014,100
Honduras,HND,2015,99.9988784790039
Honduras,HND,2016,99.9820785522461
Honduras,HND,2017,99.9835205078125
Hungary,HUN,1990,100
Hungary,HUN,1995,100
Hungary,HUN,2000,100
Hungary,HUN,2005,100
Hungary,HUN,2010,100
Hungary,HUN,2011,100
Hungary,HUN,2012,100
Hungary,HUN,2013,100
Hungary,HUN,2014,100
Hungary,HUN,2015,100
Hungary,HUN,2016,100
Hungary,HUN,2017,100
Iceland,ISL,1990,22.822654724121094
Iceland,ISL,1995,21.21259880065918
Iceland,ISL,2000,18.159761428833008
Iceland,ISL,2005,14.716673851013184
Iceland,ISL,2010,16.812814712524414
Iceland,ISL,2011,16.96763801574707
Iceland,ISL,2012,13.193625450134277
Iceland,ISL,2013,12.844038009643555
Iceland,ISL,2014,12.124639511108398
Iceland,ISL,2015,11.984954833984375
Iceland,ISL,2016,11.100461959838867
Iceland,ISL,2017,10.285215377807617
India,IND,1990,100
India,IND,1995,100
India,IND,2000,100
India,IND,2005,100
India,IND,2010,100
India,IND,2011,100
India,IND,2012,100
India,IND,2013,100
India,IND,2014,100
India,IND,2015,100
India,IND,2016,100
India,IND,2017,100
Indonesia,IDN,1990,97.6569595336914
Indonesia,IDN,1995,97.66009521484375
Indonesia,IDN,2000,97.10847473144531
Indonesia,IDN,2005,99.00021362304688
Indonesia,IDN,2010,96.42305755615234
Indonesia,IDN,2011,98.06412506103516
Indonesia,IDN,2012,99.51360321044922
Indonesia,IDN,2013,94.21097564697266
Indonesia,IDN,2014,94.49722290039062
Indonesia,IDN,2015,96.14237213134766
Indonesia,IDN,2016,95.69352722167969
Indonesia,IDN,2017,95.56714630126953
Iran,IRN,1990,100
Iran,IRN,1995,100
Iran,IRN,2000,100
Iran,IRN,2005,100
Iran,IRN,2010,100
Iran,IRN,2011,100
Iran,IRN,2012,100
Iran,IRN,2013,100
Iran,IRN,2014,100
Iran,IRN,2015,100
Iran,IRN,2016,100
Iran,IRN,2017,100
Iraq,IRQ,1990,100
Iraq,IRQ,1995,100
Iraq,IRQ,2000,100
Iraq,IRQ,2005,100
Iraq,IRQ,2010,100
Iraq,IRQ,2011,100
Iraq,IRQ,2012,100
Iraq,IRQ,2013,100
Iraq,IRQ,2014,100
Iraq,IRQ,2015,100
Iraq,IRQ,2016,100
Iraq,IRQ,2017,100
Ireland,IRL,1990,60.30085754394531
Ireland,IRL,1995,54.9616813659668
Ireland,IRL,2000,50.33810043334961
Ireland,IRL,2005,46.53983688354492
Ireland,IRL,2010,49.3392333984375
Ireland,IRL,2011,56.87936782836914
Ireland,IRL,2012,29.96476936340332
Ireland,IRL,2013,27.36131477355957
Ireland,IRL,2014,3.6119933128356934
Ireland,IRL,2015,2.718190908432007
Ireland,IRL,2016,0.27373576164245605
Ireland,IRL,2017,0.2740916907787323
Israel,ISR,1990,100
Israel,ISR,1995,100
Israel,ISR,2000,100
Israel,ISR,2005,100
Israel,ISR,2010,100
Israel,ISR,2011,100
Israel,ISR,2012,100
Israel,ISR,2013,100
Israel,ISR,2014,100
Israel,ISR,2015,100
Israel,ISR,2016,100
Israel,ISR,2017,100
Italy,ITA,1990,98.81038665771484
Italy,ITA,1995,98.77068328857422
Italy,ITA,2000,98.53143310546875
Italy,ITA,2005,98.41560363769531
Italy,ITA,2010,98.11216735839844
Italy,ITA,2011,98.57762145996094
Italy,ITA,2012,97.84864807128906
Italy,ITA,2013,97.26338958740234
Italy,ITA,2014,96.58306884765625
Italy,ITA,2015,96.75457763671875
Italy,ITA,2016,94.5484848022461
Italy,ITA,2017,94.77721405029297
Jamaica,JAM,1990,100
Jamaica,JAM,1995,100
Jamaica,JAM,2000,100
Jamaica,JAM,2005,100
Jamaica,JAM,2010,100
Jamaica,JAM,2011,100
Jamaica,JAM,2012,100
Jamaica,JAM,2013,100
Jamaica,JAM,2014,100
Jamaica,JAM,2015,100
Jamaica,JAM,2016,100
Jamaica,JAM,2017,100
Japan,JPN,1990,92.52874755859375
Japan,JPN,1995,92.50627136230469
Japan,JPN,2000,91.7472915649414
Japan,JPN,2005,92.09008026123047
Japan,JPN,2010,92.58882904052734
Japan,JPN,2011,92.56048583984375
Japan,JPN,2012,89.13152313232422
Japan,JPN,2013,89.80213165283203
Japan,JPN,2014,87.81962585449219
Japan,JPN,2015,88.66864776611328
Japan,JPN,2016,75.412109375
Japan,JPN,2017,76.76150512695312
Jordan,JOR,1990,100
Jordan,JOR,1995,100
Jordan,JOR,2000,100
Jordan,JOR,2005,100
Jordan,JOR,2010,100
Jordan,JOR,2011,100
Jordan,JOR,2012,100
Jordan,JOR,2013,100
Jordan,JOR,2014,100
Jordan,JOR,2015,100
Jordan,JOR,2016,100
Jordan,JOR,2017,100
Kazakhstan,KAZ,1990,97.97480773925781
Kazakhstan,KAZ,1995,97.47356414794922
Kazakhstan,KAZ,2000,96.82196807861328
Kazakhstan,KAZ,2005,96.80261993408203
Kazakhstan,KAZ,2010,97.21094512939453
Kazakhstan,KAZ,2011,97.53209686279297
Kazakhstan,KAZ,2012,96.22187042236328
Kazakhstan,KAZ,2013,95.65702056884766
Kazakhstan,KAZ,2014,91.60700225830078
Kazakhstan,KAZ,2015,92.64155578613281
Kazakhstan,KAZ,2016,87.15238189697266
Kazakhstan,KAZ,2017,87.41423034667969
Kenya,KEN,1990,100
Kenya,KEN,1995,100
Kenya,KEN,2000,100
Kenya,KEN,2005,100
Kenya,KEN,2010,100
Kenya,KEN,2011,100
Kenya,KEN,2012,100
Kenya,KEN,2013,100
Kenya,KEN,2014,100
Kenya,KEN,2015,100
Kenya,KEN,2016,100
Kenya,KEN,2017,100
Kiribati,KIR,1990,100
Kiribati,KIR,1995,100
Kiribati,KIR,2000,100
Kiribati,KIR,2005,100
Kiribati,KIR,2010,100
Kiribati,KIR,2011,100
Kiribati,KIR,2012,100
Kiribati,KIR,2013,100
Kiribati,KIR,2014,100
Kiribati,KIR,2015,100
Kiribati,KIR,2016,100
Kiribati,KIR,2017,100
Kuwait,KWT,1990,100
Kuwait,KWT,1995,100
Kuwait,KWT,2000,100
Kuwait,KWT,2005,100
Kuwait,KWT,2010,100
Kuwait,KWT,2011,100
Kuwait,KWT,2012,100
Kuwait,KWT,2013,100
Kuwait,KWT,2014,100
Kuwait,KWT,2015,100
Kuwait,KWT,2016,100
Kuwait,KWT,2017,100
Kyrgyzstan,KGZ,1990,100
Kyrgyzstan,KGZ,1995,99.82613372802734
Kyrgyzstan,KGZ,2000,99.85855865478516
Kyrgyzstan,KGZ,2005,99.86038970947266
Kyrgyzstan,KGZ,2010,100
Kyrgyzstan,KGZ,2011,100
Kyrgyzstan,KGZ,2012,99.8409423828125
Kyrgyzstan,KGZ,2013,99.78157043457031
Kyrgyzstan,KGZ,2014,98.0718765258789
Kyrgyzstan,KGZ,2015,99.10894775390625
Kyrgyzstan,KGZ,2016,97.40665435791016
Kyrgyzstan,KGZ,2017,97.43255615234375
Laos,LAO,1990,100
Laos,LAO,1995,100
Laos,LAO,2000,100
Laos,LAO,2005,100
Laos,LAO,2010,100
Laos,LAO,2011,100
Laos,LAO,2012,100
Laos,LAO,2013,100
Laos,LAO,2014,100
Laos,LAO,2015,100
Laos,LAO,2016,100
Laos,LAO,2017,100
Latin America and Caribbean,,1990,95.27216339111328
Latin America and Caribbean,,1995,95.50312805175781
Latin America and Caribbean,,2000,96.47013854980469
Latin America and Caribbean,,2005,96.08518981933594
Latin America and Caribbean,,2010,96.56598663330078
Latin America and Caribbean,,2011,97.01878356933594
Latin America and Caribbean,,2012,94.97615051269531
Latin America and Caribbean,,2013,94.31491088867188
Latin America and Caribbean,,2014,91.12332153320312
Latin America and Caribbean,,2015,90.25234985351562
Latin America and Caribbean,,2016,87.18648529052734
Latin America and Caribbean,,2017,87.19849395751953
Latvia,LVA,1990,99.9794921875
Latvia,LVA,1995,99.60807800292969
Latvia,LVA,2000,99.35650634765625
Latvia,LVA,2005,99.5149917602539
Latvia,LVA,2010,99.55003356933594
Latvia,LVA,2011,99.26025390625
Latvia,LVA,2012,97.97096252441406
Latvia,LVA,2013,96.5867691040039
Latvia,LVA,2014,96.62908172607422
Latvia,LVA,2015,92.27308654785156
Latvia,LVA,2016,89.4114990234375
Latvia,LVA,2017,89.01404571533203
Lebanon,LBN,1990,100
Lebanon,LBN,1995,100
Lebanon,LBN,2000,100
Lebanon,LBN,2005,100
Lebanon,LBN,2010,100
Lebanon,LBN,2011,100
Lebanon,LBN,2012,100
Lebanon,LBN,2013,100
Lebanon,LBN,2014,100
Lebanon,LBN,2015,100
Lebanon,LBN,2016,100
Lebanon,LBN,2017,100
Lesotho,LSO,1990,100
Lesotho,LSO,1995,100
Lesotho,LSO,2000,100
Lesotho,LSO,2005,100
Lesotho,LSO,2010,100
Lesotho,LSO,2011,100
Lesotho,LSO,2012,100
Lesotho,LSO,2013,100
Lesotho,LSO,2014,100
Lesotho,LSO,2015,100
Lesotho,LSO,2016,100
Lesotho,LSO,2017,100
Liberia,LBR,1990,100
Liberia,LBR,1995,100
Liberia,LBR,2000,100
Liberia,LBR,2005,100
Liberia,LBR,2010,100
Liberia,LBR,2011,100
Liberia,LBR,2012,100
Liberia,LBR,2013,100
Liberia,LBR,2014,100
Liberia,LBR,2015,100
Liberia,LBR,2016,100
Liberia,LBR,2017,100
Libya,LBY,1990,100
Libya,LBY,1995,100
Libya,LBY,2000,100
Libya,LBY,2005,100
Libya,LBY,2010,100
Libya,LBY,2011,100
Libya,LBY,2012,100
Libya,LBY,2013,100
Libya,LBY,2014,100
Libya,LBY,2015,100
Libya,LBY,2016,100
Libya,LBY,2017,100
Lithuania,LTU,1990,99.93810272216797
Lithuania,LTU,1995,99.93632507324219
Lithuania,LTU,2000,99.94436645507812
Lithuania,LTU,2005,99.94080352783203
Lithuania,LTU,2010,99.93704223632812
Lithuania,LTU,2011,99.93627166748047
Lithuania,LTU,2012,99.93550109863281
Lithuania,LTU,2013,99.9347152709961
Lithuania,LTU,2014,99.93392181396484
Lithuania,LTU,2015,99.53121185302734
Lithuania,LTU,2016,97.07495880126953
Lithuania,LTU,2017,95.99986267089844
Low and middle income,,1990,99.35436248779297
Low and middle income,,1995,99.34412384033203
Low and middle income,,2000,99.3953628540039
Low and middle income,,2005,99.46339416503906
Low and middle income,,2010,99.41547393798828
Low and middle income,,2011,99.5135269165039
Low and middle income,,2012,99.38768768310547
Low and middle income,,2013,99.03675079345703
Low and middle income,,2014,98.70355224609375
Low and middle income,,2015,98.67667388916016
Low and middle income,,2016,98.1707763671875
Low and middle income,,2017,98.08079528808594
Low income,,1990,100
Low income,,1995,100
Low income,,2000,100
Low income,,2005,100
Low income,,2010,100
Low income,,2011,100
Low income,,2012,100
Low income,,2013,100
Low income,,2014,100
Low income,,2015,100
Low income,,2016,100
Low income,,2017,100
Lower middle income,,1990,99.78507995605469
Lower middle income,,1995,99.78919982910156
Lower middle income,,2000,99.74683380126953
Lower middle income,,2005,99.91243743896484
Lower middle income,,2010,99.69763946533203
Lower middle income,,2011,99.83586120605469
Lower middle income,,2012,99.9569320678711
Lower middle income,,2013,99.50413513183594
Lower middle income,,2014,99.50186157226562
Lower middle income,,2015,99.6563491821289
Lower middle income,,2016,99.32083892822266
Lower middle income,,2017,99.13951873779297
Luxembourg,LUX,1990,100
Luxembourg,LUX,1995,100
Luxembourg,LUX,2000,99.66423034667969
Luxembourg,LUX,2005,96.44054412841797
Luxembourg,LUX,2010,99.874267578125
Luxembourg,LUX,2011,99.87655639648438
Luxembourg,LUX,2012,90.90533447265625
Luxembourg,LUX,2013,89.43147277832031
Luxembourg,LUX,2014,78.01659393310547
Luxembourg,LUX,2015,79.97926330566406
Luxembourg,LUX,2016,68.73272705078125
Luxembourg,LUX,2017,68.77561950683594
Madagascar,MDG,1990,100
Madagascar,MDG,1995,100
Madagascar,MDG,2000,100
Madagascar,MDG,2005,100
Madagascar,MDG,2010,100
Madagascar,MDG,2011,100
Madagascar,MDG,2012,100
Madagascar,MDG,2013,100
Madagascar,MDG,2014,100
Madagascar,MDG,2015,100
Madagascar,MDG,2016,100
Madagascar,MDG,2017,100
Malawi,MWI,1990,100
Malawi,MWI,1995,100
Malawi,MWI,2000,100
Malawi,MWI,2005,100
Malawi,MWI,2010,100
Malawi,MWI,2011,100
Malawi,MWI,2012,100
Malawi,MWI,2013,100
Malawi,MWI,2014,100
Malawi,MWI,2015,100
Malawi,MWI,2016,100
Malawi,MWI,2017,100
Malaysia,MYS,1990,94.9569320678711
Malaysia,MYS,1995,95.17303466796875
Malaysia,MYS,2000,95.4566879272461
Malaysia,MYS,2005,97.87994384765625
Malaysia,MYS,2010,96.997314453125
Malaysia,MYS,2011,97.47653198242188
Malaysia,MYS,2012,98.16900634765625
Malaysia,MYS,2013,94.02458190917969
Malaysia,MYS,2014,92.006103515625
Malaysia,MYS,2015,93.5081787109375
Malaysia,MYS,2016,90.41989135742188
Malaysia,MYS,2017,90.53734588623047
Maldives,MDV,1990,100
Maldives,MDV,1995,100
Maldives,MDV,2000,100
Maldives,MDV,2005,100
Maldives,MDV,2010,100
Maldives,MDV,2011,100
Maldives,MDV,2012,100
Maldives,MDV,2013,100
Maldives,MDV,2014,8.39573175426267e-8
Maldives,MDV,2015,6.871204760727778e-8
Maldives,MDV,2016,0
Maldives,MDV,2017,0
Mali,MLI,1990,100
Mali,MLI,1995,100
Mali,MLI,2000,100
Mali,MLI,2005,100
Mali,MLI,2010,100
Mali,MLI,2011,100
Mali,MLI,2012,100
Mali,MLI,2013,100
Mali,MLI,2014,100
Mali,MLI,2015,100
Mali,MLI,2016,100
Mali,MLI,2017,100
Malta,MLT,1990,100
Malta,MLT,1995,100
Malta,MLT,2000,100
Malta,MLT,2005,100
Malta,MLT,2010,100
Malta,MLT,2011,100
Malta,MLT,2012,100
Malta,MLT,2013,100
Malta,MLT,2014,100
Malta,MLT,2015,100
Malta,MLT,2016,100
Malta,MLT,2017,100
Marshall Islands,MHL,1990,100
Marshall Islands,MHL,1995,100
Marshall Islands,MHL,2000,100
Marshall Islands,MHL,2005,100
Marshall Islands,MHL,2010,100
Marshall Islands,MHL,2011,100
Marshall Islands,MHL,2012,100
Marshall Islands,MHL,2013,100
Marshall Islands,MHL,2014,100
Marshall Islands,MHL,2015,100
Marshall Islands,MHL,2016,100
Marshall Islands,MHL,2017,100
Mauritania,MRT,1990,100
Mauritania,MRT,1995,100
Mauritania,MRT,2000,100
Mauritania,MRT,2005,100
Mauritania,MRT,2010,100
Mauritania,MRT,2011,100
Mauritania,MRT,2012,100
Mauritania,MRT,2013,100
Mauritania,MRT,2014,100
Mauritania,MRT,2015,100
Mauritania,MRT,2016,100
Mauritania,MRT,2017,100
Mauritius,MUS,1990,100
Mauritius,MUS,1995,100
Mauritius,MUS,2000,100
Mauritius,MUS,2005,100
Mauritius,MUS,2010,100
Mauritius,MUS,2011,100
Mauritius,MUS,2012,100
Mauritius,MUS,2013,100
Mauritius,MUS,2014,100
Mauritius,MUS,2015,100
Mauritius,MUS,2016,100
Mauritius,MUS,2017,100
Mexico,MEX,1990,99.96149444580078
Mexico,MEX,1995,99.95966339111328
Mexico,MEX,2000,99.93952941894531
Mexico,MEX,2005,99.9401626586914
Mexico,MEX,2010,99.93565368652344
Mexico,MEX,2011,99.94654083251953
Mexico,MEX,2012,99.93348693847656
Mexico,MEX,2013,99.91486358642578
Mexico,MEX,2014,99.76217651367188
Mexico,MEX,2015,99.71526336669922
Mexico,MEX,2016,99.65664672851562
Mexico,MEX,2017,99.6561279296875
Micronesia (country),FSM,1990,100
Micronesia (country),FSM,1995,100
Micronesia (country),FSM,2000,100
Micronesia (country),FSM,2005,100
Micronesia (country),FSM,2010,100
Micronesia (country),FSM,2011,100
Micronesia (country),FSM,2012,100
Micronesia (country),FSM,2013,100
Micronesia (country),FSM,2014,100
Micronesia (country),FSM,2015,100
Micronesia (country),FSM,2016,100
Micronesia (country),FSM,2017,100
Middle East and North Africa,,1990,100
Middle East and North Africa,,1995,100
Middle East and North Africa,,2000,100
Middle East and North Africa,,2005,100
Middle East and North Africa,,2010,100
Middle East and North Africa,,2011,100
Middle East and North Africa,,2012,100
Middle East and North Africa,,2013,100
Middle East and North Africa,,2014,100
Middle East and North Africa,,2015,100
Middle East and North Africa,,2016,100
Middle East and North Africa,,2017,100
Middle income,,1990,99.30697631835938
Middle income,,1995,99.29273986816406
Middle income,,2000,99.34477233886719
Middle income,,2005,99.41472625732422
Middle income,,2010,99.35797882080078
Middle income,,2011,99.46498107910156
Middle income,,2012,99.32574462890625
Middle income,,2013,98.9380111694336
Middle income,,2014,98.56885528564453
Middle income,,2015,98.53726959228516
Middle income,,2016,97.9753189086914
Middle income,,2017,97.87274169921875
Moldova,MDA,1990,100
Moldova,MDA,1995,100
Moldova,MDA,2000,100
Moldova,MDA,2005,100
Moldova,MDA,2010,100
Moldova,MDA,2011,100
Moldova,MDA,2012,100
Moldova,MDA,2013,100
Moldova,MDA,2014,100
Moldova,MDA,2015,100
Moldova,MDA,2016,100
Moldova,MDA,2017,100
Mongolia,MNG,1990,96.56512451171875
Mongolia,MNG,1995,96.36190795898438
Mongolia,MNG,2000,97.48152160644531
Mongolia,MNG,2005,97.79649353027344
Mongolia,MNG,2010,98.13813781738281
Mongolia,MNG,2011,98.35710906982422
Mongolia,MNG,2012,98.07422637939453
Mongolia,MNG,2013,97.70801544189453
Mongolia,MNG,2014,96.83416748046875
Mongolia,MNG,2015,97.9517822265625
Mongolia,MNG,2016,96.83174896240234
Mongolia,MNG,2017,97.01397705078125
Montenegro,MNE,1990,100
Montenegro,MNE,1995,100
Montenegro,MNE,2000,100
Montenegro,MNE,2005,100
Montenegro,MNE,2010,100
Montenegro,MNE,2011,100
Montenegro,MNE,2012,100
Montenegro,MNE,2013,100
Montenegro,MNE,2014,100
Montenegro,MNE,2015,100
Montenegro,MNE,2016,100
Montenegro,MNE,2017,100
Morocco,MAR,1990,100
Morocco,MAR,1995,100
Morocco,MAR,2000,100
Morocco,MAR,2005,100
Morocco,MAR,2010,100
Morocco,MAR,2011,100
Morocco,MAR,2012,100
Morocco,MAR,2013,100
Morocco,MAR,2014,100
Morocco,MAR,2015,100
Morocco,MAR,2016,100
Morocco,MAR,2017,100
Mozambique,MOZ,1990,100
Mozambique,MOZ,1995,100
Mozambique,MOZ,2000,100
Mozambique,MOZ,2005,100
Mozambique,MOZ,2010,100
Mozambique,MOZ,2011,100
Mozambique,MOZ,2012,100
Mozambique,MOZ,2013,100
Mozambique,MOZ,2014,100
Mozambique,MOZ,2015,100
Mozambique,MOZ,2016,100
Mozambique,MOZ,2017,100
Myanmar,MMR,1990,100
Myanmar,MMR,1995,100
Myanmar,MMR,2000,100
Myanmar,MMR,2005,100
Myanmar,MMR,2010,100
Myanmar,MMR,2011,100
Myanmar,MMR,2012,100
Myanmar,MMR,2013,100
Myanmar,MMR,2014,100
Myanmar,MMR,2015,100
Myanmar,MMR,2016,100
Myanmar,MMR,2017,100
Namibia,NAM,1990,100
Namibia,NAM,1995,100
Namibia,NAM,2000,100
Namibia,NAM,2005,100
Namibia,NAM,2010,100
Namibia,NAM,2011,100
Namibia,NAM,2012,100
Namibia,NAM,2013,100
Namibia,NAM,2014,100
Namibia,NAM,2015,100
Namibia,NAM,2016,100
Namibia,NAM,2017,100
Nepal,NPL,1990,100
Nepal,NPL,1995,100
Nepal,NPL,2000,100
Nepal,NPL,2005,100
Nepal,NPL,2010,100
Nepal,NPL,2011,100
Nepal,NPL,2012,100
Nepal,NPL,2013,100
Nepal,NPL,2014,100
Nepal,NPL,2015,100
Nepal,NPL,2016,100
Nepal,NPL,2017,100
Netherlands,NLD,1990,100
Netherlands,NLD,1995,100
Netherlands,NLD,2000,100
Netherlands,NLD,2005,100
Netherlands,NLD,2010,100
Netherlands,NLD,2011,100
Netherlands,NLD,2012,100
Netherlands,NLD,2013,99.87045288085938
Netherlands,NLD,2014,99.83441162109375
Netherlands,NLD,2015,99.81168365478516
Netherlands,NLD,2016,99.59579467773438
Netherlands,NLD,2017,99.59814453125
New Zealand,NZL,1990,8.86026668548584
New Zealand,NZL,1995,8.71065902709961
New Zealand,NZL,2000,10.752326011657715
New Zealand,NZL,2005,10.282620429992676
New Zealand,NZL,2010,9.819550514221191
New Zealand,NZL,2011,9.77603530883789
New Zealand,NZL,2012,4.472606658935547
New Zealand,NZL,2013,0.35239019989967346
New Zealand,NZL,2014,0.3509962558746338
New Zealand,NZL,2015,0.34957438707351685
New Zealand,NZL,2016,0
New Zealand,NZL,2017,0
Nicaragua,NIC,1990,99.99720001220703
Nicaragua,NIC,1995,99.9970474243164
Nicaragua,NIC,2000,99.93397521972656
Nicaragua,NIC,2005,99.93610382080078
Nicaragua,NIC,2010,99.93810272216797
Nicaragua,NIC,2011,99.93852996826172
Nicaragua,NIC,2012,99.93897247314453
Nicaragua,NIC,2013,99.9394302368164
Nicaragua,NIC,2014,99.92908477783203
Nicaragua,NIC,2015,99.92951965332031
Nicaragua,NIC,2016,99.90322875976562
Nicaragua,NIC,2017,99.90269470214844
Niger,NER,1990,100
Niger,NER,1995,100
Niger,NER,2000,100
Niger,NER,2005,100
Niger,NER,2010,100
Niger,NER,2011,100
Niger,NER,2012,100
Niger,NER,2013,100
Niger,NER,2014,100
Niger,NER,2015,100
Niger,NER,2016,100
Niger,NER,2017,100
Nigeria,NGA,1990,100
Nigeria,NGA,1995,100
Nigeria,NGA,2000,100
Nigeria,NGA,2005,100
Nigeria,NGA,2010,100
Nigeria,NGA,2011,100
Nigeria,NGA,2012,100
Nigeria,NGA,2013,100
Nigeria,NGA,2014,100
Nigeria,NGA,2015,100
Nigeria,NGA,2016,100
Nigeria,NGA,2017,100
North America,,1990,44.83567428588867
North America,,1995,41.5555419921875
North America,,2000,39.948604583740234
North America,,2005,41.810142517089844
North America,,2010,35.79410171508789
North America,,2011,43.92057800292969
North America,,2012,26.648176193237305
North America,,2013,19.43571662902832
North America,,2014,10.775422096252441
North America,,2015,7.7069478034973145
North America,,2016,3.016645908355713
North America,,2017,3.0224814414978027
North Korea,PRK,1990,100
North Korea,PRK,1995,100
North Korea,PRK,2000,100
North Korea,PRK,2005,100
North Korea,PRK,2010,100
North Korea,PRK,2011,100
North Korea,PRK,2012,100
North Korea,PRK,2013,100
North Korea,PRK,2014,100
North Korea,PRK,2015,100
North Korea,PRK,2016,100
North Korea,PRK,2017,100
North Macedonia,MKD,1990,100
North Macedonia,MKD,1995,100
North Macedonia,MKD,2000,100
North Macedonia,MKD,2005,100
North Macedonia,MKD,2010,100
North Macedonia,MKD,2011,100
North Macedonia,MKD,2012,100
North Macedonia,MKD,2013,100
North Macedonia,MKD,2014,100
North Macedonia,MKD,2015,100
North Macedonia,MKD,2016,100
North Macedonia,MKD,2017,100
Northern Mariana Islands,MNP,1990,100
Northern Mariana Islands,MNP,1995,100
Northern Mariana Islands,MNP,2000,100
Northern Mariana Islands,MNP,2005,100
Northern Mariana Islands,MNP,2010,100
Northern Mariana Islands,MNP,2011,100
Northern Mariana Islands,MNP,2012,100
Northern Mariana Islands,MNP,2013,100
Northern Mariana Islands,MNP,2014,30.769229888916016
Northern Mariana Islands,MNP,2015,34.61538314819336
Northern Mariana Islands,MNP,2016,26.923076629638672
Northern Mariana Islands,MNP,2017,26.923076629638672
Norway,NOR,1990,33.31155014038086
Norway,NOR,1995,29.617843627929688
Norway,NOR,2000,24.474964141845703
Norway,NOR,2005,10.172401428222656
Norway,NOR,2010,11.888745307922363
Norway,NOR,2011,31.411428451538086
Norway,NOR,2012,2.8943653106689453
Norway,NOR,2013,2.236189842224121
Norway,NOR,2014,2.245509386062622
Norway,NOR,2015,2.0246567726135254
Norway,NOR,2016,2.034288167953491
Norway,NOR,2017,2.043837785720825
Oman,OMN,1990,100
Oman,OMN,1995,100
Oman,OMN,2000,100
Oman,OMN,2005,100
Oman,OMN,2010,100
Oman,OMN,2011,100
Oman,OMN,2012,100
Oman,OMN,2013,100
Oman,OMN,2014,100
Oman,OMN,2015,100
Oman,OMN,2016,100
Oman,OMN,2017,100
Pakistan,PAK,1990,100
Pakistan,PAK,1995,100
Pakistan,PAK,2000,100
Pakistan,PAK,2005,100
Pakistan,PAK,2010,100
Pakistan,PAK,2011,100
Pakistan,PAK,2012,100
Pakistan,PAK,2013,100
Pakistan,PAK,2014,100
Pakistan,PAK,2015,100
Pakistan,PAK,2016,100
Pakistan,PAK,2017,100
Palestine,PSE,1990,100
Palestine,PSE,1995,100
Palestine,PSE,2000,100
Palestine,PSE,2005,100
Palestine,PSE,2010,100
Palestine,PSE,2011,100
Palestine,PSE,2012,100
Palestine,PSE,2013,100
Palestine,PSE,2014,100
Palestine,PSE,2015,100
Palestine,PSE,2016,100
Palestine,PSE,2017,100
Panama,PAN,1990,96.5035400390625
Panama,PAN,1995,96.45011901855469
Panama,PAN,2000,97.30895233154297
Panama,PAN,2005,96.92503356933594
Panama,PAN,2010,96.21782684326172
Panama,PAN,2011,97.22883605957031
Panama,PAN,2012,96.61297607421875
Panama,PAN,2013,93.47576141357422
Panama,PAN,2014,90.52607727050781
Panama,PAN,2015,87.2894287109375
Panama,PAN,2016,72.13426971435547
Panama,PAN,2017,71.63674926757812
Papua New Guinea,PNG,1990,100
Papua New Guinea,PNG,1995,100
Papua New Guinea,PNG,2000,100
Papua New Guinea,PNG,2005,100
Papua New Guinea,PNG,2010,100
Papua New Guinea,PNG,2011,100
Papua New Guinea,PNG,2012,100
Papua New Guinea,PNG,2013,100
Papua New Guinea,PNG,2014,100
Papua New Guinea,PNG,2015,100
Papua New Guinea,PNG,2016,99.99549102783203
Papua New Guinea,PNG,2017,99.99516296386719
Paraguay,PRY,1990,100
Paraguay,PRY,1995,100
Paraguay,PRY,2000,100
Paraguay,PRY,2005,100
Paraguay,PRY,2010,100
Paraguay,PRY,2011,100
Paraguay,PRY,2012,100
Paraguay,PRY,2013,100
Paraguay,PRY,2014,100
Paraguay,PRY,2015,100
Paraguay,PRY,2016,98.9351806640625
Paraguay,PRY,2017,99.05831146240234
Peru,PER,1990,100
Peru,PER,1995,100
Peru,PER,2000,100
Peru,PER,2005,100
Peru,PER,2010,100
Peru,PER,2011,100
Peru,PER,2012,100
Peru,PER,2013,99.99976348876953
Peru,PER,2014,99.99952697753906
Peru,PER,2015,99.973388671875
Peru,PER,2016,99.96870422363281
Peru,PER,2017,99.96292877197266
Philippines,PHL,1990,100
Philippines,PHL,1995,100
Philippines,PHL,2000,99.99556732177734
Philippines,PHL,2005,100
Philippines,PHL,2010,100
Philippines,PHL,2011,99.9952392578125
Philippines,PHL,2012,99.99693298339844
Philippines,PHL,2013,99.71479797363281
Philippines,PHL,2014,99.0197525024414
Philippines,PHL,2015,99.43309020996094
Philippines,PHL,2016,96.81597900390625
Philippines,PHL,2017,96.37065887451172
Poland,POL,1990,100
Poland,POL,1995,100
Poland,POL,2000,100
Poland,POL,2005,100
Poland,POL,2010,100
Poland,POL,2011,100
Poland,POL,2012,100
Poland,POL,2013,99.9962158203125
Poland,POL,2014,99.9815673828125
Poland,POL,2015,99.9962158203125
Poland,POL,2016,99.96609497070312
Poland,POL,2017,99.96611785888672
Portugal,PRT,1990,54.4944953918457
Portugal,PRT,1995,48.873565673828125
Portugal,PRT,2000,49.847679138183594
Portugal,PRT,2005,58.43390655517578
Portugal,PRT,2010,53.009735107421875
Portugal,PRT,2011,57.45238494873047
Portugal,PRT,2012,30.88129234313965
Portugal,PRT,2013,30.898862838745117
Portugal,PRT,2014,25.183197021484375
Portugal,PRT,2015,27.458494186401367
Portugal,PRT,2016,14.718472480773926
Portugal,PRT,2017,16.00835609436035
Puerto Rico,PRI,1990,1.8348623514175415
Puerto Rico,PRI,1995,1.8348623514175415
Puerto Rico,PRI,2000,63.30275344848633
Puerto Rico,PRI,2005,62.38532257080078
Puerto Rico,PRI,2010,62.38532257080078
Puerto Rico,PRI,2011,71.55963134765625
Puerto Rico,PRI,2012,45.871559143066406
Puerto Rico,PRI,2013,32.11009216308594
Puerto Rico,PRI,2014,15.596330642700195
Puerto Rico,PRI,2015,14.678898811340332
Puerto Rico,PRI,2016,3.669724702835083
Puerto Rico,PRI,2017,3.669724702835083
Qatar,QAT,1990,100
Qatar,QAT,1995,100
Qatar,QAT,2000,100
Qatar,QAT,2005,100
Qatar,QAT,2010,100
Qatar,QAT,2011,100
Qatar,QAT,2012,100
Qatar,QAT,2013,100
Qatar,QAT,2014,100
Qatar,QAT,2015,100
Qatar,QAT,2016,100
Qatar,QAT,2017,100
Romania,ROU,1990,100
Romania,ROU,1995,100
Romania,ROU,2000,100
Romania,ROU,2005,100
Romania,ROU,2010,100
Romania,ROU,2011,100
Romania,ROU,2012,99.58100891113281
Romania,ROU,2013,99.40746307373047
Romania,ROU,2014,98.52413177490234
Romania,ROU,2015,99.37909698486328
Romania,ROU,2016,97.90706634521484
Romania,ROU,2017,98.01746368408203
Russia,RUS,1990,96.50772094726562
Russia,RUS,1995,95.31076049804688
Russia,RUS,2000,95.85455322265625
Russia,RUS,2005,95.81597900390625
Russia,RUS,2010,96.29003143310547
Russia,RUS,2011,95.82223510742188
Russia,RUS,2012,95.32325744628906
Russia,RUS,2013,93.45096588134766
Russia,RUS,2014,93.32059478759766
Russia,RUS,2015,91.82740020751953
Russia,RUS,2016,91.70799255371094
Russia,RUS,2017,91.60932922363281
Rwanda,RWA,1990,100
Rwanda,RWA,1995,100
Rwanda,RWA,2000,100
Rwanda,RWA,2005,100
Rwanda,RWA,2010,100
Rwanda,RWA,2011,100
Rwanda,RWA,2012,100
Rwanda,RWA,2013,100
Rwanda,RWA,2014,100
Rwanda,RWA,2015,100
Rwanda,RWA,2016,100
Rwanda,RWA,2017,100
Saint Lucia,LCA,1990,100
Saint Lucia,LCA,1995,100
Saint Lucia,LCA,2000,100
Saint Lucia,LCA,2005,100
Saint Lucia,LCA,2010,100
Saint Lucia,LCA,2011,100
Saint Lucia,LCA,2012,100
Saint Lucia,LCA,2013,100
Saint Lucia,LCA,2014,100
Saint Lucia,LCA,2015,100
Saint Lucia,LCA,2016,100
Saint Lucia,LCA,2017,100
Saint Vincent and the Grenadines,VCT,1990,100
Saint Vincent and the Grenadines,VCT,1995,100
Saint Vincent and the Grenadines,VCT,2000,100
Saint Vincent and the Grenadines,VCT,2005,100
Saint Vincent and the Grenadines,VCT,2010,100
Saint Vincent and the Grenadines,VCT,2011,100
Saint Vincent and the Grenadines,VCT,2012,100
Saint Vincent and the Grenadines,VCT,2013,100
Saint Vincent and the Grenadines,VCT,2014,100
Saint Vincent and the Grenadines,VCT,2015,100
Saint Vincent and the Grenadines,VCT,2016,100
Saint Vincent and the Grenadines,VCT,2017,100
Samoa,WSM,1990,100
Samoa,WSM,1995,100
Samoa,WSM,2000,100
Samoa,WSM,2005,100
Samoa,WSM,2010,100
Samoa,WSM,2011,100
Samoa,WSM,2012,100
Samoa,WSM,2013,100
Samoa,WSM,2014,100
Samoa,WSM,2015,100
Samoa,WSM,2016,100
Samoa,WSM,2017,100
Sao Tome and Principe,STP,1990,100
Sao Tome and Principe,STP,1995,100
Sao Tome and Principe,STP,2000,100
Sao Tome and Principe,STP,2005,100
Sao Tome and Principe,STP,2010,100
Sao Tome and Principe,STP,2011,100
Sao Tome and Principe,STP,2012,100
Sao Tome and Principe,STP,2013,100
Sao Tome and Principe,STP,2014,100
Sao Tome and Principe,STP,2015,100
Sao Tome and Principe,STP,2016,100
Sao Tome and Principe,STP,2017,100
Saudi Arabia,SAU,1990,100
Saudi Arabia,SAU,1995,100
Saudi Arabia,SAU,2000,100
Saudi Arabia,SAU,2005,100
Saudi Arabia,SAU,2010,100
Saudi Arabia,SAU,2011,100
Saudi Arabia,SAU,2012,100
Saudi Arabia,SAU,2013,100
Saudi Arabia,SAU,2014,100
Saudi Arabia,SAU,2015,100
Saudi Arabia,SAU,2016,100
Saudi Arabia,SAU,2017,100
Senegal,SEN,1990,100
Senegal,SEN,1995,100
Senegal,SEN,2000,100
Senegal,SEN,2005,100
Senegal,SEN,2010,100
Senegal,SEN,2011,100
Senegal,SEN,2012,100
Senegal,SEN,2013,100
Senegal,SEN,2014,100
Senegal,SEN,2015,100
Senegal,SEN,2016,100
Senegal,SEN,2017,100
Serbia,SRB,1990,100
Serbia,SRB,1995,100
Serbia,SRB,2000,100
Serbia,SRB,2005,100
Serbia,SRB,2010,100
Serbia,SRB,2011,100
Serbia,SRB,2012,100
Serbia,SRB,2013,100
Serbia,SRB,2014,100
Serbia,SRB,2015,100
Serbia,SRB,2016,100
Serbia,SRB,2017,100
Seychelles,SYC,1990,100
Seychelles,SYC,1995,100
Seychelles,SYC,2000,100
Seychelles,SYC,2005,100
Seychelles,SYC,2010,100
Seychelles,SYC,2011,100
Seychelles,SYC,2012,100
Seychelles,SYC,2013,100
Seychelles,SYC,2014,100
Seychelles,SYC,2015,100
Seychelles,SYC,2016,100
Seychelles,SYC,2017,100
Sierra Leone,SLE,1990,100
Sierra Leone,SLE,1995,100
Sierra Leone,SLE,2000,100
Sierra Leone,SLE,2005,100
Sierra Leone,SLE,2010,100
Sierra Leone,SLE,2011,100
Sierra Leone,SLE,2012,100
Sierra Leone,SLE,2013,100
Sierra Leone,SLE,2014,100
Sierra Leone,SLE,2015,100
Sierra Leone,SLE,2016,100
Sierra Leone,SLE,2017,100
Singapore,SGP,1990,100
Singapore,SGP,1995,100
Singapore,SGP,2000,100
Singapore,SGP,2005,100
Singapore,SGP,2010,100
Singapore,SGP,2011,100
Singapore,SGP,2012,100
Singapore,SGP,2013,100
Singapore,SGP,2014,100
Singapore,SGP,2015,100
Singapore,SGP,2016,100
Singapore,SGP,2017,100
Slovakia,SVK,1990,100
Slovakia,SVK,1995,100
Slovakia,SVK,2000,100
Slovakia,SVK,2005,100
Slovakia,SVK,2010,100
Slovakia,SVK,2011,100
Slovakia,SVK,2012,100
Slovakia,SVK,2013,100
Slovakia,SVK,2014,100
Slovakia,SVK,2015,100
Slovakia,SVK,2016,100
Slovakia,SVK,2017,100
Slovenia,SVN,1990,100
Slovenia,SVN,1995,100
Slovenia,SVN,2000,100
Slovenia,SVN,2005,100
Slovenia,SVN,2010,100
Slovenia,SVN,2011,100
Slovenia,SVN,2012,99.83625030517578
Slovenia,SVN,2013,99.83610534667969
Slovenia,SVN,2014,99.79339599609375
Slovenia,SVN,2015,99.79371643066406
Slovenia,SVN,2016,99.47412872314453
Slovenia,SVN,2017,99.49102783203125
Solomon Islands,SLB,1990,100
Solomon Islands,SLB,1995,100
Solomon Islands,SLB,2000,100
Solomon Islands,SLB,2005,100
Solomon Islands,SLB,2010,100
Solomon Islands,SLB,2011,100
Solomon Islands,SLB,2012,100
Solomon Islands,SLB,2013,100
Solomon Islands,SLB,2014,100
Solomon Islands,SLB,2015,100
Solomon Islands,SLB,2016,100
Solomon Islands,SLB,2017,99.91756439208984
Somalia,SOM,1990,100
Somalia,SOM,1995,100
Somalia,SOM,2000,100
Somalia,SOM,2005,100
Somalia,SOM,2010,100
Somalia,SOM,2011,100
Somalia,SOM,2012,100
Somalia,SOM,2013,100
Somalia,SOM,2014,100
Somalia,SOM,2015,100
Somalia,SOM,2016,100
Somalia,SOM,2017,100
South Africa,ZAF,1990,100
South Africa,ZAF,1995,100
South Africa,ZAF,2000,100
South Africa,ZAF,2005,100
South Africa,ZAF,2010,100
South Africa,ZAF,2011,100
South Africa,ZAF,2012,100
South Africa,ZAF,2013,100
South Africa,ZAF,2014,100
South Africa,ZAF,2015,100
South Africa,ZAF,2016,100
South Africa,ZAF,2017,100
South Asia,,1990,100
South Asia,,1995,100
South Asia,,2000,100
South Asia,,2005,100
South Asia,,2010,100
South Asia,,2011,100
South Asia,,2012,100
South Asia,,2013,100
South Asia,,2014,99.97482299804688
South Asia,,2015,99.9739990234375
South Asia,,2016,99.6028060913086
South Asia,,2017,99.32091522216797
South Korea,KOR,1990,100
South Korea,KOR,1995,100
South Korea,KOR,2000,100
South Korea,KOR,2005,100
South Korea,KOR,2010,100
South Korea,KOR,2011,100
South Korea,KOR,2012,100
South Korea,KOR,2013,100
South Korea,KOR,2014,100
South Korea,KOR,2015,100
South Korea,KOR,2016,100
South Korea,KOR,2017,100
South Sudan,SSD,1990,100
South Sudan,SSD,1995,100
South Sudan,SSD,2000,100
South Sudan,SSD,2005,100
South Sudan,SSD,2010,100
South Sudan,SSD,2011,100
South Sudan,SSD,2012,100
South Sudan,SSD,2013,100
South Sudan,SSD,2014,100
South Sudan,SSD,2015,100
South Sudan,SSD,2016,100
South Sudan,SSD,2017,100
Spain,ESP,1990,77.57638549804688
Spain,ESP,1995,76.35216522216797
Spain,ESP,2000,75.03079986572266
Spain,ESP,2005,74.15824890136719
Spain,ESP,2010,72.15110778808594
Spain,ESP,2011,78.72738647460938
Spain,ESP,2012,68.49270629882812
Spain,ESP,2013,60.68315124511719
Spain,ESP,2014,47.719146728515625
Spain,ESP,2015,55.15272521972656
Spain,ESP,2016,40.72438430786133
Spain,ESP,2017,41.11555099487305
Sri Lanka,LKA,1990,100
Sri Lanka,LKA,1995,100
Sri Lanka,LKA,2000,100
Sri Lanka,LKA,2005,100
Sri Lanka,LKA,2010,100
Sri Lanka,LKA,2011,100
Sri Lanka,LKA,2012,100
Sri Lanka,LKA,2013,100
Sri Lanka,LKA,2014,100
Sri Lanka,LKA,2015,100
Sri Lanka,LKA,2016,69.0629653930664
Sri Lanka,LKA,2017,45.53841781616211
Sub-Saharan Africa,,1990,100
Sub-Saharan Africa,,1995,100
Sub-Saharan Africa,,2000,100
Sub-Saharan Africa,,2005,100
Sub-Saharan Africa,,2010,100
Sub-Saharan Africa,,2011,100
Sub-Saharan Africa,,2012,100
Sub-Saharan Africa,,2013,100
Sub-Saharan Africa,,2014,100
Sub-Saharan Africa,,2015,100
Sub-Saharan Africa,,2016,100
Sub-Saharan Africa,,2017,100
Sudan,SDN,1990,100
Sudan,SDN,1995,100
Sudan,SDN,2000,100
Sudan,SDN,2005,100
Sudan,SDN,2010,100
Sudan,SDN,2011,100
Sudan,SDN,2012,100
Sudan,SDN,2013,100
Sudan,SDN,2014,100
Sudan,SDN,2015,100
Sudan,SDN,2016,100
Sudan,SDN,2017,100
Suriname,SUR,1990,100
Suriname,SUR,1995,100
Suriname,SUR,2000,100
Suriname,SUR,2005,100
Suriname,SUR,2010,100
Suriname,SUR,2011,100
Suriname,SUR,2012,100
Suriname,SUR,2013,100
Suriname,SUR,2014,100
Suriname,SUR,2015,100
Suriname,SUR,2016,100
Suriname,SUR,2017,100
Sweden,SWE,1990,7.235441207885742
Sweden,SWE,1995,5.370486736297607
Sweden,SWE,2000,4.985990047454834
Sweden,SWE,2005,3.9958102703094482
Sweden,SWE,2010,4.326183319091797
Sweden,SWE,2011,5.884544372558594
Sweden,SWE,2012,3.595308542251587
Sweden,SWE,2013,3.4750819206237793
Sweden,SWE,2014,3.676452159881592
Sweden,SWE,2015,3.5551462173461914
Sweden,SWE,2016,3.595702648162842
Sweden,SWE,2017,3.6364874839782715
Switzerland,CHE,1990,96.42866516113281
Switzerland,CHE,1995,95.10025024414062
Switzerland,CHE,2000,92.73058319091797
Switzerland,CHE,2005,93.57505798339844
Switzerland,CHE,2010,93.00070190429688
Switzerland,CHE,2011,94.78523254394531
Switzerland,CHE,2012,91.82091522216797
Switzerland,CHE,2013,86.9104995727539
Switzerland,CHE,2014,78.49918365478516
Switzerland,CHE,2015,72.31110382080078
Switzerland,CHE,2016,49.339454650878906
Switzerland,CHE,2017,49.30013656616211
Syria,SYR,1990,100
Syria,SYR,1995,100
Syria,SYR,2000,100
Syria,SYR,2005,100
Syria,SYR,2010,100
Syria,SYR,2011,100
Syria,SYR,2012,100
Syria,SYR,2013,100
Syria,SYR,2014,100
Syria,SYR,2015,100
Syria,SYR,2016,100
Syria,SYR,2017,100
Tajikistan,TJK,1990,100
Tajikistan,TJK,1995,100
Tajikistan,TJK,2000,100
Tajikistan,TJK,2005,100
Tajikistan,TJK,2010,100
Tajikistan,TJK,2011,100
Tajikistan,TJK,2012,100
Tajikistan,TJK,2013,100
Tajikistan,TJK,2014,100
Tajikistan,TJK,2015,100
Tajikistan,TJK,2016,100
Tajikistan,TJK,2017,100
Tanzania,TZA,1990,100
Tanzania,TZA,1995,100
Tanzania,TZA,2000,100
Tanzania,TZA,2005,100
Tanzania,TZA,2010,100
Tanzania,TZA,2011,100
Tanzania,TZA,2012,100
Tanzania,TZA,2013,100
Tanzania,TZA,2014,100
Tanzania,TZA,2015,100
Tanzania,TZA,2016,100
Tanzania,TZA,2017,100
Thailand,THA,1990,100
Thailand,THA,1995,100
Thailand,THA,2000,100
Thailand,THA,2005,100
Thailand,THA,2010,100
Thailand,THA,2011,100
Thailand,THA,2012,100
Thailand,THA,2013,100
Thailand,THA,2014,100
Thailand,THA,2015,100
Thailand,THA,2016,100
Thailand,THA,2017,100
Timor,TLS,1990,100
Timor,TLS,1995,100
Timor,TLS,2000,100
Timor,TLS,2005,100
Timor,TLS,2010,100
Timor,TLS,2011,100
Timor,TLS,2012,100
Timor,TLS,2013,100
Timor,TLS,2014,100
Timor,TLS,2015,100
Timor,TLS,2016,100
Timor,TLS,2017,100
Togo,TGO,1990,100
Togo,TGO,1995,100
Togo,TGO,2000,100
Togo,TGO,2005,100
Togo,TGO,2010,100
Togo,TGO,2011,100
Togo,TGO,2012,100
Togo,TGO,2013,100
Togo,TGO,2014,100
Togo,TGO,2015,100
Togo,TGO,2016,100
Togo,TGO,2017,100
Tonga,TON,1990,100
Tonga,TON,1995,100
Tonga,TON,2000,100
Tonga,TON,2005,100
Tonga,TON,2010,100
Tonga,TON,2011,100
Tonga,TON,2012,100
Tonga,TON,2013,100
Tonga,TON,2014,100
Tonga,TON,2015,100
Tonga,TON,2016,99.8064193725586
Tonga,TON,2017,99.81259155273438
Trinidad and Tobago,TTO,1990,100
Trinidad and Tobago,TTO,1995,100
Trinidad and Tobago,TTO,2000,100
Trinidad and Tobago,TTO,2005,100
Trinidad and Tobago,TTO,2010,100
Trinidad and Tobago,TTO,2011,100
Trinidad and Tobago,TTO,2012,100
Trinidad and Tobago,TTO,2013,100
Trinidad and Tobago,TTO,2014,100
Trinidad and Tobago,TTO,2015,100
Trinidad and Tobago,TTO,2016,100
Trinidad and Tobago,TTO,2017,100
Tunisia,TUN,1990,100
Tunisia,TUN,1995,100
Tunisia,TUN,2000,100
Tunisia,TUN,2005,100
Tunisia,TUN,2010,100
Tunisia,TUN,2011,100
Tunisia,TUN,2012,100
Tunisia,TUN,2013,100
Tunisia,TUN,2014,100
Tunisia,TUN,2015,100
Tunisia,TUN,2016,100
Tunisia,TUN,2017,100
Turkey,TUR,1990,100
Turkey,TUR,1995,100
Turkey,TUR,2000,100
Turkey,TUR,2005,100
Turkey,TUR,2010,100
Turkey,TUR,2011,100
Turkey,TUR,2012,100
Turkey,TUR,2013,100
Turkey,TUR,2014,100
Turkey,TUR,2015,100
Turkey,TUR,2016,100
Turkey,TUR,2017,100
Turkmenistan,TKM,1990,100
Turkmenistan,TKM,1995,100
Turkmenistan,TKM,2000,100
Turkmenistan,TKM,2005,100
Turkmenistan,TKM,2010,100
Turkmenistan,TKM,2011,100
Turkmenistan,TKM,2012,100
Turkmenistan,TKM,2013,100
Turkmenistan,TKM,2014,100
Turkmenistan,TKM,2015,100
Turkmenistan,TKM,2016,100
Turkmenistan,TKM,2017,100
Uganda,UGA,1990,100
Uganda,UGA,1995,100
Uganda,UGA,2000,100
Uganda,UGA,2005,100
Uganda,UGA,2010,100
Uganda,UGA,2011,100
Uganda,UGA,2012,100
Uganda,UGA,2013,100
Uganda,UGA,2014,100
Uganda,UGA,2015,100
Uganda,UGA,2016,100
Uganda,UGA,2017,100
Ukraine,UKR,1990,100
Ukraine,UKR,1995,100
Ukraine,UKR,2000,100
Ukraine,UKR,2005,100
Ukraine,UKR,2010,100
Ukraine,UKR,2011,100
Ukraine,UKR,2012,100
Ukraine,UKR,2013,100
Ukraine,UKR,2014,100
Ukraine,UKR,2015,100
Ukraine,UKR,2016,100
Ukraine,UKR,2017,100
United Arab Emirates,ARE,1990,100
United Arab Emirates,ARE,1995,100
United Arab Emirates,ARE,2000,100
United Arab Emirates,ARE,2005,100
United Arab Emirates,ARE,2010,100
United Arab Emirates,ARE,2011,100
United Arab Emirates,ARE,2012,100
United Arab Emirates,ARE,2013,100
United Arab Emirates,ARE,2014,100
United Arab Emirates,ARE,2015,100
United Arab Emirates,ARE,2016,100
United Arab Emirates,ARE,2017,100
United Kingdom,GBR,1990,91.13908386230469
United Kingdom,GBR,1995,89.58045959472656
United Kingdom,GBR,2000,88.24742889404297
United Kingdom,GBR,2005,88.65419006347656
United Kingdom,GBR,2010,87.50243377685547
United Kingdom,GBR,2011,90.38214874267578
United Kingdom,GBR,2012,84.78734588623047
United Kingdom,GBR,2013,82.41659545898438
United Kingdom,GBR,2014,72.06668090820312
United Kingdom,GBR,2015,71.96349334716797
United Kingdom,GBR,2016,67.10066986083984
United Kingdom,GBR,2017,66.53324890136719
United States,USA,1990,47.997737884521484
United States,USA,1995,44.694454193115234
United States,USA,2000,43.08134460449219
United States,USA,2005,44.22056198120117
United States,USA,2010,38.21303176879883
United States,USA,2011,46.68619918823242
United States,USA,2012,28.6580810546875
United States,USA,2013,20.840557098388672
United States,USA,2014,11.731297492980957
United States,USA,2015,8.465306282043457
United States,USA,2016,3.3344357013702393
United States,USA,2017,3.343170404434204
United States Virgin Islands,VIR,1990,50
United States Virgin Islands,VIR,1995,50
United States Virgin Islands,VIR,2000,100
United States Virgin Islands,VIR,2005,100
United States Virgin Islands,VIR,2010,100
United States Virgin Islands,VIR,2011,100
United States Virgin Islands,VIR,2012,100
United States Virgin Islands,VIR,2013,100
United States Virgin Islands,VIR,2014,50
United States Virgin Islands,VIR,2015,50
United States Virgin Islands,VIR,2016,40
United States Virgin Islands,VIR,2017,40
Upper middle income,,1990,98.81427001953125
Upper middle income,,1995,98.75940704345703
Upper middle income,,2000,98.89411163330078
Upper middle income,,2005,98.83055114746094
Upper middle income,,2010,98.9409408569336
Upper middle income,,2011,99.00596618652344
Upper middle income,,2012,98.53927612304688
Upper middle income,,2013,98.2279052734375
Upper middle income,,2014,97.3907241821289
Upper middle income,,2015,97.11432647705078
Upper middle income,,2016,96.25252532958984
Upper middle income,,2017,96.23981475830078
Uruguay,URY,1990,83.40555572509766
Uruguay,URY,1995,84.36546325683594
Uruguay,URY,2000,89.81683349609375
Uruguay,URY,2005,77.48441314697266
Uruguay,URY,2010,85.45845794677734
Uruguay,URY,2011,93.26190948486328
Uruguay,URY,2012,60.50843048095703
Uruguay,URY,2013,55.38994598388672
Uruguay,URY,2014,28.735780715942383
Uruguay,URY,2015,26.444156646728516
Uruguay,URY,2016,22.39524269104004
Uruguay,URY,2017,22.385744094848633
Uzbekistan,UZB,1990,100
Uzbekistan,UZB,1995,100
Uzbekistan,UZB,2000,100
Uzbekistan,UZB,2005,100
Uzbekistan,UZB,2010,100
Uzbekistan,UZB,2011,100
Uzbekistan,UZB,2012,100
Uzbekistan,UZB,2013,100
Uzbekistan,UZB,2014,100
Uzbekistan,UZB,2015,100
Uzbekistan,UZB,2016,100
Uzbekistan,UZB,2017,100
Vanuatu,VUT,1990,100
Vanuatu,VUT,1995,100
Vanuatu,VUT,2000,100
Vanuatu,VUT,2005,100
Vanuatu,VUT,2010,100
Vanuatu,VUT,2011,100
Vanuatu,VUT,2012,100
Vanuatu,VUT,2013,100
Vanuatu,VUT,2014,100
Vanuatu,VUT,2015,100
Vanuatu,VUT,2016,100
Vanuatu,VUT,2017,100
Venezuela,VEN,1990,100
Venezuela,VEN,1995,100
Venezuela,VEN,2000,100
Venezuela,VEN,2005,100
Venezuela,VEN,2010,100
Venezuela,VEN,2011,100
Venezuela,VEN,2012,100
Venezuela,VEN,2013,99.99991607666016
Venezuela,VEN,2014,99.99774932861328
Venezuela,VEN,2015,99.99508666992188
Venezuela,VEN,2016,99.93307495117188
Venezuela,VEN,2017,99.93366241455078
Vietnam,VNM,1990,100
Vietnam,VNM,1995,100
Vietnam,VNM,2000,100
Vietnam,VNM,2005,100
Vietnam,VNM,2010,100
Vietnam,VNM,2011,100
Vietnam,VNM,2012,100
Vietnam,VNM,2013,100
Vietnam,VNM,2014,100
Vietnam,VNM,2015,100
Vietnam,VNM,2016,100
Vietnam,VNM,2017,100
World,OWID_WRL,1990,95.31768035888672
World,OWID_WRL,1995,95.17582702636719
World,OWID_WRL,2000,95.21340942382812
World,OWID_WRL,2005,95.4379653930664
World,OWID_WRL,2010,95.14472961425781
World,OWID_WRL,2011,95.77381896972656
World,OWID_WRL,2012,94.47639465332031
World,OWID_WRL,2013,93.73800659179688
World,OWID_WRL,2014,92.67383575439453
World,OWID_WRL,2015,92.6017837524414
World,OWID_WRL,2016,91.3252944946289
World,OWID_WRL,2017,91.30904388427734
Yemen,YEM,1990,100
Yemen,YEM,1995,100
Yemen,YEM,2000,100
Yemen,YEM,2005,100
Yemen,YEM,2010,100
Yemen,YEM,2011,100
Yemen,YEM,2012,100
Yemen,YEM,2013,100
Yemen,YEM,2014,100
Yemen,YEM,2015,100
Yemen,YEM,2016,100
Yemen,YEM,2017,100
Zambia,ZMB,1990,100
Zambia,ZMB,1995,100
Zambia,ZMB,2000,100
Zambia,ZMB,2005,100
Zambia,ZMB,2010,100
Zambia,ZMB,2011,100
Zambia,ZMB,2012,100
Zambia,ZMB,2013,100
Zambia,ZMB,2014,100
Zambia,ZMB,2015,100
Zambia,ZMB,2016,100
Zambia,ZMB,2017,100
Zimbabwe,ZWE,1990,100
Zimbabwe,ZWE,1995,100
Zimbabwe,ZWE,2000,100
Zimbabwe,ZWE,2005,100
Zimbabwe,ZWE,2010,100
Zimbabwe,ZWE,2011,100
Zimbabwe,ZWE,2012,100
Zimbabwe,ZWE,2013,100
Zimbabwe,ZWE,2014,100
Zimbabwe,ZWE,2015,100
Zimbabwe,ZWE,2016,100
Zimbabwe,ZWE,2017,100